Datum;SW Temp;IW Temp;SW Feuchte;IW Feuchte;Vereisung VD;Temp 1 Klimakammer;Feuchte 1 Klimakammer;Temp 2 Klimakammer;Feuchte 2 Klimakammer;Mittelwert Feuchte absolut;Hochdruck;Saugdruck;Sauggastemperatur;Heißgastemperatur;Flüssigkeitstemperatur;Ölüberwachung;Sauggastemperatur Verdampfer;Temperatur Verdampfer Eintritt;Temperatur Verdampfer Austritt;SW Hochdruck;SW Hochdruck MAX;SW MOP;SW Nacheinspritzung;SW Min Überhitzung;Regler Temp Heizen;Regler Temp Kühlen;Regler Feuchte Befeuchten;Regler Feuchte Entfeuchten;Regler Hochdruck;Regler Hochdruck MAX;Regler Min Überhitzung;Regler MOP;Regler Nacheinspritzung;Y Lüfter;Y Befeuchter;Y Erhitzer;Y Expansionsventil Verdampfer;Y Heißgasventil;Y Kompressor;Y Verflüssiger;Überhitzung Kompressor;Überhitzung Verdampfer;Unterkühlung
19.2.2024 10:34:30;25;13.452567100524902;15;65.68285369873047;-14.944100379943848;14.149999618530273;58.962100982666016;11.218400001525879;72.40360260009766;5.990179538726807;8.219400405883789;4.078100204467773;-2.049499988555908;19.728200912475586;17.140199661254883;138.63999938964844;-0.5135999917984009;5.693699836730957;3.54010009765625;14;18;1.5;20;4;0.30199214816093445;0;0;0.1458282470703125;48.25883102416992;100;19.97645378112793;49.50678253173828;29.911710739135742;77.5;0;0.30199214816093445;0;100;48.70000076293945;48.25883483886719;-1.7501184940338135;-0.21401846408843994;-3.8544082641601562
19.2.2024 10:34:50;25;12.41413402557373;15;69.47520446777344;-15.264300346374512;12.9443998336792;64.09349822998047;10.605899810791016;74.85690307617188;5.998127460479736;9.009300231933594;0.06989999860525131;-1.9783999919891357;20.569599151611328;16.837799072265625;138.63999938964844;-1.3080999851226807;5.581600189208984;4.564599990844727;14;18;1.5;20;4;9.676580429077148;0;0;5.979339599609375;0;100;51.131832122802734;67.31246185302734;50.58076477050781;41.5;0;0;0;0;45.11231231689453;0;36.82417678833008;37.49657440185547;-0.6774482727050781
