Datum;SW Temp;IW Temp;SW Feuchte;IW Feuchte;Vereisung VD;Temp 1 Klimakammer;Feuchte 1 Klimakammer;Temp 2 Klimakammer;Feuchte 2 Klimakammer;Mittelwert Feuchte absolut;Hochdruck;Saugdruck;Sauggastemperatur;Heißgastemperatur;Flüssigkeitstemperatur;Ölüberwachung;Sauggastemperatur Verdampfer;Temperatur Verdampfer Eintritt;Temperatur Verdampfer Austritt;SW Hochdruck;SW Hochdruck MAX;SW MOP;SW Nacheinspritzung;SW Min Überhitzung;Regler Temp Heizen;Regler Temp Kühlen;Regler Feuchte Befeuchten;Regler Feuchte Entfeuchten;Regler Hochdruck;Regler Hochdruck MAX;Regler Min Überhitzung;Regler MOP;Regler Nacheinspritzung;Y Lüfter;Y Befeuchter;Y Erhitzer;Y Expansionsventil Verdampfer;Y Heißgasventil;Y Kompressor;Y Verflüssiger;Überhitzung Kompressor;Überhitzung Verdampfer;Unterkühlung
20.2.2024 10:45:42;-40;15.9569673538208;50;67.97319793701172;-22.88330078125;17.999900817871094;52.36800003051758;11.496100425720215;83.57839965820312;6.930455684661865;7.3709001541137695;4.004700183868408;25.39069938659668;27.788799285888672;21.017900466918945;138.63999938964844;-0.15880000591278076;2.169800043106079;5.811800003051758;14;18;1.5;20;4;0;0.19773101806640625;0;0.05834197998046875;49.20530319213867;100;20.029802322387695;49.84977722167969;30.03959083557129;77.5;0;0;0;100;48.70000076293945;49.20530319213867;26.117136001586914;0.567536473274231;-11.037222862243652
20.2.2024 10:46:02;-40;15.921333312988281;50;65.33909606933594;-17.731800079345703;17.856000900268555;50.546600341796875;11.559700012207031;80.13159942626953;6.603095531463623;8.33329963684082;0.632099986076355;21.856000900268555;33.09040069580078;21.123600006103516;138.63999938964844;-3.991499900817871;5.985599994659424;5.8618998527526855;14;18;1.5;20;4;0;19.470474243164062;0;5.891044616699219;0;100;43.83464050292969;66.50816345214844;40.968849182128906;0;0;0;0;0;44.924808502197266;0;51.46379852294922;25.624998092651367;-7.411281585693359
