Datum;SW Temp;IW Temp;SW Feuchte;IW Feuchte;Vereisung VD;Temp 1 Klimakammer;Feuchte 1 Klimakammer;Temp 2 Klimakammer;Feuchte 2 Klimakammer;Mittelwert Feuchte absolut;Hochdruck;Saugdruck;Sauggastemperatur;Heißgastemperatur;Flüssigkeitstemperatur;Ölüberwachung;Sauggastemperatur Verdampfer;Temperatur Verdampfer Eintritt;Temperatur Verdampfer Austritt;SW Hochdruck;SW Hochdruck MAX;SW MOP;SW Nacheinspritzung;SW Min Überhitzung;Regler Temp Heizen;Regler Temp Kühlen;Regler Feuchte Befeuchten;Regler Feuchte Entfeuchten;Regler Hochdruck;Regler Hochdruck MAX;Regler Min Überhitzung;Regler MOP;Regler Nacheinspritzung;Y Lüfter;Y Befeuchter;Y Erhitzer;Y Expansionsventil Verdampfer;Y Heißgasventil;Y Kompressor;Y Verflüssiger;Überhitzung Kompressor;Überhitzung Verdampfer;Unterkühlung
15.2.2024 15:49:18;25;7.7559332847595215;50;52.62540054321289;18.952600479125977;7.911099910736084;52.28960037231445;7.837600231170654;52.96120071411133;3.442869186401367;9.357600212097168;3.803299903869629;-4.658599853515625;36.480201721191406;20.48310089111328;138.63999938964844;-2.4319000244140625;0.2567000091075897;-8.580699920654297;14;18;1.5;20;4;2.0142440795898438;0;0.6716823577880859;0;36.093040466308594;100;21.8300724029541;46.45989227294922;30.895586013793945;77.5;0.6519870758056641;1.9889248609542847;0;100;48.70000076293945;36.391387939453125;-2.7349939346313477;-0.5068942308425903;-3.1017608642578125
15.2.2024 15:49:38;25;7.650266647338867;50;55.002647399902344;22.019399642944336;7.813300132751465;54.80139923095703;7.699699878692627;55.20389938354492;3.5707569122314453;9.293600082397461;3.9156999588012695;-3.163599967956543;35.53710174560547;20.4862003326416;138.63999938964844;-2.221100091934204;0.7547000050544739;-7.624899864196777;14;18;1.5;20;4;7.671902656555176;0;18.35790252685547;0;0;100;20.819507598876953;31.62091827392578;30.577884674072266;77.5;2.557424306869507;7.645298957824707;0;100;48.70000076293945;0;-1.9117411375045776;-0.9689410924911499;-3.3257083892822266
