Datum;SW Temp;IW Temp;SW Feuchte;IW Feuchte;Vereisung VD;Temp 1 Klimakammer;Feuchte 1 Klimakammer;Temp 2 Klimakammer;Feuchte 2 Klimakammer;Mittelwert Feuchte absolut;Hochdruck;Saugdruck;Sauggastemperatur;Heißgastemperatur;Flüssigkeitstemperatur;Ölüberwachung;Sauggastemperatur Verdampfer;Temperatur Verdampfer Eintritt;Temperatur Verdampfer Austritt;SW Hochdruck;SW Hochdruck MAX;SW MOP;SW Nacheinspritzung;SW Min Überhitzung;Regler Temp Heizen;Regler Temp Kühlen;Regler Feuchte Befeuchten;Regler Feuchte Entfeuchten;Regler Hochdruck;Regler Hochdruck MAX;Regler Min Überhitzung;Regler MOP;Regler Nacheinspritzung;Y Lüfter;Y Befeuchter;Y Erhitzer;Y Expansionsventil Verdampfer;Y Heißgasventil;Y Kompressor;Y Verflüssiger;Überhitzung Kompressor;Überhitzung Verdampfer;Unterkühlung
15.2.2024 07:46:17;25;22.416732788085938;20;63.20635223388672;-18.232999801635742;22.875;54.41559982299805;21.500200271606445;71.99710083007812;10.678261756896973;7.2829999923706055;0.3774999976158142;28.883499145507812;30.699499130249023;26.519899368286133;138.63999938964844;20.449800491333008;16.961299896240234;16.91469955444336;14;18;1.5;20;4;0.011418151669204235;0;0;0.08750152587890625;48.777931213378906;100;20.11695671081543;50.101009368896484;37.71567916870117;77.5;0;0;0;100;43;48.777931213378906;62.315757751464844;53.88215637207031;-16.895565032958984
15.2.2024 07:46:37;25;22.417333602905273;20;60.909751892089844;-13.100199699401855;22.875;56.88759994506836;21.50200080871582;64.93190002441406;10.094672203063965;8.418000221252441;2.718100070953369;28.371299743652344;33.147499084472656;24.547000885009766;138.63999938964844;20.544700622558594;18.390600204467773;15.966500282287598;14;18;1.5;20;4;0.7692153453826904;0;0;5.921028137207031;0;100;5.620124816894531;32.218101501464844;25.004560470581055;77.5;0;0.7692153453826904;30;86.5667953491211;43;0;37.51129913330078;29.684701919555664;-10.520313262939453
15.2.2024 07:46:57;25;22.212799072265625;20;54.086700439453125;-15.139399528503418;22.552400588989258;50.944801330566406;21.420000076293945;57.228599548339844;9.018655776977539;9.714599609375;2.9133999347686768;24.954500198364258;40.67639923095703;15.343299865722656;138.63999938964844;20.058900833129883;19.10890007019043;6.500699996948242;14;18;1.5;20;4;2.837500810623169;0;0;11.754539489746094;0;100;5.600724697113037;24.39876937866211;22.657459259033203;0;0;0;0;0;45.95654296875;0;32.670108795166016;27.771808624267578;3.245878219604492
