Datum;SW Temp;IW Temp;SW Feuchte;IW Feuchte;Vereisung VD;Temp 1 Klimakammer;Feuchte 1 Klimakammer;Temp 2 Klimakammer;Feuchte 2 Klimakammer;Mittelwert Feuchte absolut;Hochdruck;Saugdruck;Sauggastemperatur;Heißgastemperatur;Flüssigkeitstemperatur;Ölüberwachung;Sauggastemperatur Verdampfer;Temperatur Verdampfer Eintritt;Temperatur Verdampfer Austritt;SW Hochdruck;SW Hochdruck MAX;SW MOP;SW Nacheinspritzung;SW Min Überhitzung;Regler Temp Heizen;Regler Temp Kühlen;Regler Feuchte Befeuchten;Regler Feuchte Entfeuchten;Regler Hochdruck;Regler Hochdruck MAX;Regler Min Überhitzung;Regler MOP;Regler Nacheinspritzung;Y Lüfter;Y Befeuchter;Y Erhitzer;Y Expansionsventil Verdampfer;Y Heißgasventil;Y Kompressor;Y Verflüssiger;Überhitzung Kompressor;Überhitzung Verdampfer;Unterkühlung
19.2.2024 16:01:05;25;19.124900817871094;15;62.97650146484375;-13.44789981842041;19.499900817871094;60.59049987792969;18.124900817871094;65.36250305175781;8.396626472473145;9.265399932861328;2.7469000816345215;5.524400234222412;33.46220016479492;17.07859992980957;138.63999938964844;3.785399913787842;14.242899894714355;13.152600288391113;14;18;1.5;20;4;1.7752715349197388;0;0;5.9793853759765625;0;100;0;29.75629234313965;13.987975120544434;77.5;0;1.7752716541290283;30;89.17809295654297;43;0;14.454065322875977;12.715065002441406;-0.016094207763671875
19.2.2024 16:01:25;25;18.870567321777344;15;56.38459777832031;-13.900799751281738;19.08180046081543;53.456199645996094;18.015199661254883;59.3129997253418;7.611386775970459;10.196399688720703;2.9033000469207764;6.100599765777588;37.13100051879883;15.756400108337402;138.63999938964844;6.073299884796143;15.175700187683105;6.948500156402588;14;18;1.5;20;4;5.063930034637451;0;0;11.812896728515625;0;100;0.17706909775733948;22.104408264160156;13.21695613861084;77.5;0;5.063930034637451;30;69.82731628417969;43;0;13.901239395141602;13.87224006652832;4.436166763305664
19.2.2024 16:01:45;25;18.26386833190918;15;49.30799865722656;-14.322500228881836;18.434099197387695;46.57229995727539;17.552799224853516;52.043701171875;6.472637176513672;11.296699523925781;3.259000062942505;6.428699970245361;40.632999420166016;18.070199966430664;138.63999938964844;8.090299606323242;14.653599739074707;3.1105000972747803;14;18;1.5;20;4;10.418590545654297;0;0;17.646408081054688;0;100;1.0236244201660156;10.214578628540039;11.97445011138916;41.5;0;0;0;0;43.68400192260742;0;11.79241943359375;13.453219413757324;5.5792083740234375
