Datum;SW Temp;IW Temp;SW Feuchte;IW Feuchte;Vereisung VD;Temp 1 Klimakammer;Feuchte 1 Klimakammer;Temp 2 Klimakammer;Feuchte 2 Klimakammer;Mittelwert Feuchte absolut;Hochdruck;Saugdruck;Sauggastemperatur;Heißgastemperatur;Flüssigkeitstemperatur;Ölüberwachung;Sauggastemperatur Verdampfer;Temperatur Verdampfer Eintritt;Temperatur Verdampfer Austritt;SW Hochdruck;SW Hochdruck MAX;SW MOP;SW Nacheinspritzung;SW Min Überhitzung;Regler Temp Heizen;Regler Temp Kühlen;Regler Feuchte Befeuchten;Regler Feuchte Entfeuchten;Regler Hochdruck;Regler Hochdruck MAX;Regler Min Überhitzung;Regler MOP;Regler Nacheinspritzung;Y Lüfter;Y Befeuchter;Y Erhitzer;Y Expansionsventil Verdampfer;Y Heißgasventil;Y Kompressor;Y Verflüssiger;Überhitzung Kompressor;Überhitzung Verdampfer;Unterkühlung
19.2.2024 15:26:39;25;20.541566848754883;15;57.4598503112793;-19.001100540161133;20.874900817871094;55.600799560546875;19.749900817871094;59.31890106201172;8.48515796661377;8.856300354003906;0.09929999709129333;20.161699295043945;21.890100479125977;22.337299346923828;138.63999938964844;18.338600158691406;15.24370002746582;15.729000091552734;14;18;1.5;20;4;0.052556607872247696;0;0;0.23329925537109375;47.285762786865234;100;22.220258712768555;53.507568359375;33.701412200927734;77.5;0;0;0;100;47.420433044433594;47.285762786865234;58.40137481689453;56.57827377319336;-6.716255187988281
19.2.2024 15:26:59;25;20.541566848754883;15;59.82365036010742;-16.384700775146484;20.874900817871094;58.57720184326172;19.749900817871094;61.070098876953125;8.77041244506836;9.41189956665039;2.206199884414673;19.888500213623047;23.46540069580078;20.4325008392334;138.63999938964844;17.83639907836914;16.520000457763672;15.912099838256836;14;18;1.5;20;4;1.3663383722305298;0;0;6.066009521484375;0;100;6.0840044021606445;34.92043685913086;20.104333877563477;77.5;0;1.3663383722305298;30;90.59239196777344;43;0;33.0004997253418;30.948299407958984;-2.867229461669922
19.2.2024 15:27:19;25;20.38759994506836;15;60.0588493347168;-17.63360023498535;20.644699096679688;57.8755989074707;19.699899673461914;62.24209976196289;8.823775291442871;8.5068998336792;3.1203999519348145;18.689300537109375;27.975099563598633;16.717899322509766;138.63999938964844;17.435800552368164;17.186100006103516;15.086799621582031;14;18;1.5;20;4;3.7177631855010986;0;0;11.898719787597656;0;100;3.2527663707733154;21.574506759643555;18.383800506591797;41.5;0;0;0;0;47.69733428955078;0;24.987154006958008;23.733654022216797;-2.3632917404174805
