Datum;SW Temp;IW Temp;SW Feuchte;IW Feuchte;Vereisung VD;Temp 1 Klimakammer;Feuchte 1 Klimakammer;Temp 2 Klimakammer;Feuchte 2 Klimakammer;Mittelwert Feuchte absolut;Hochdruck;Saugdruck;Sauggastemperatur;Heißgastemperatur;Flüssigkeitstemperatur;Ölüberwachung;Sauggastemperatur Verdampfer;Temperatur Verdampfer Eintritt;Temperatur Verdampfer Austritt;SW Hochdruck;SW Hochdruck MAX;SW MOP;SW Nacheinspritzung;SW Min Überhitzung;Regler Temp Heizen;Regler Temp Kühlen;Regler Feuchte Befeuchten;Regler Feuchte Entfeuchten;Regler Hochdruck;Regler Hochdruck MAX;Regler Min Überhitzung;Regler MOP;Regler Nacheinspritzung;Y Lüfter;Y Befeuchter;Y Erhitzer;Y Expansionsventil Verdampfer;Y Heißgasventil;Y Kompressor;Y Verflüssiger;Überhitzung Kompressor;Überhitzung Verdampfer;Unterkühlung
28.2.2024 08:02:16;35;33.08336639404297;20;67.67445373535156;-14.416899681091309;33.749900817871094;64.06009674072266;31.75;71.28880310058594;20.8740234375;7.014999866485596;1.0810999870300293;28.86039924621582;30.98550033569336;26.343799591064453;138.63999938964844;25.772300720214844;31.388099670410156;31.00950050354004;14;18;1.5;20;4;0.6479814648628235;0;0;6.037654876708984;0;100;39.76178741455078;61.10291290283203;42.86958312988281;77.5;0;0.6479814648628235;15;82.08972930908203;43;0;52.84864807128906;49.76055145263672;-17.823970794677734
28.2.2024 08:02:36;35;32.96966552734375;20;68.52995300292969;-13.429200172424316;33.50019836425781;65.80709838867188;31.87459945678711;71.25279998779297;21.007997512817383;7.45550012588501;0.6696000099182129;24.97599983215332;37.10240173339844;26.444299697875977;138.63999938964844;25.74920082092285;31.726600646972656;31.367700576782227;14;18;1.5;20;4;1.8948043584823608;0;0;11.871166229248047;0;100;47.99000930786133;67.05632019042969;46.370635986328125;77.5;0;1.8948043584823608;12.290593147277832;62.563358306884766;43;0;54.1126708984375;54.88296890258789;-16.123138427734375
